Элемент;Проверка;Масштаб или вид;Результат;Комментарий
Линии;Сечение отличается от проекции;План 1:50;;
Линии;Толщины проверены в PDF при 100%;План 1:100;;
Штриховки;Нет муара и слияния;Разрез 1:50;;
Материалы;Согласованы поверхность и сечение;План / разрез;;
Текст;Длинная кириллица читается;Лист А3;;
Размеры;Короткие цепочки не пересекаются;План 1:50;;
Марки;Проверены длинные и пустые значения;Развёртка 1:20;;
Семейства;Проверены типы и детализация;План / фасад / 3D;;
Узлы;Допущения и применимость описаны;Узел 1:5;;
Спецификация;Длинные строки и единицы читаются;Лист А3;;
Штамп;Форматы листа и ревизия проверены;А3 / А1;;
Перенос;Проверены чистый и существующий проекты;Тестовые копии;;
Параметры;GUID и зависимости задокументированы;Марки;;
Совместимость;Версии Revit перечислены и испытаны;Файл поставки;;
Печать;Проверена чёрно-белая бумажная копия;100%;;
